{
  "class_names": [
    "A",
    "B",
    "C",
    "D",
    "E",
    "F",
    "G",
    "H",
    "HELLO",
    "I",
    "J",
    "K",
    "L",
    "M",
    "N",
    "NO",
    "O",
    "P",
    "Q",
    "R",
    "S",
    "SORRY",
    "T",
    "THANKYOU",
    "U",
    "V",
    "W",
    "X",
    "Y",
    "YES",
    "Z"
  ],
  "num_classes": 31,
  "input_dim": 63,
  "scaler": {
    "mean": [
      0.3902768298752036,
      0.656836807920587,
      4.084559645553446e-08,
      0.4159830549773365,
      0.623659313922566,
      -0.014769865933687749,
      0.4384616540809988,
      0.5674008580325047,
      -0.02520877801131019,
      0.44454966045526867,
      0.5198895370996695,
      -0.03664833727897459,
      0.4446983801781532,
      0.4919264292849826,
      -0.04641572097386959,
      0.43790850331566133,
      0.48076295187436335,
      -0.014527829889344656,
      0.45273319827783615,
      0.43515787127860645,
      -0.03741503109660549,
      0.45609051327551836,
      0.4379516645337739,
      -0.05150974756407555,
      0.45923946310859615,
      0.4396202469152011,
      -0.05909870147019704,
      0.4238808808969662,
      0.4763556022574435,
      -0.020460615097457828,
      0.441960331573239,
      0.4401446937978297,
      -0.044855903393351756,
      0.44434380732387135,
      0.4543928822652705,
      -0.05422618128765175,
      0.4472646922001957,
      0.45653440186153155,
      -0.05671220948593203,
      0.41058721876641846,
      0.4875818238098151,
      -0.029128016749827203,
      0.4235164398897277,
      0.4660743892387709,
      -0.05476501806724906,
      0.4246126739105905,
      0.49580724071416643,
      -0.05514064590528514,
      0.42640586127076885,
      0.5094602633198756,
      -0.049730720588908296,
      0.39750115468088126,
      0.5092743038890198,
      -0.03915886622727139,
      0.4056525033482395,
      0.4942869564888557,
      -0.05637700691754744,
      0.4082071464610921,
      0.5123026984859215,
      -0.05365480627802028,
      0.41111156470083043,
      0.5193767441257364,
      -0.047810628595654436
    ],
    "scale": [
      0.23820848906949144,
      0.14334723123888043,
      4.340543735618634e-07,
      0.1970585183442799,
      0.13299694513870497,
      0.01764654263676047,
      0.1715083980395806,
      0.1251060396780802,
      0.023108708781088214,
      0.1704884690093048,
      0.12441348913894965,
      0.027182174065134714,
      0.1809434579268208,
      0.1304609752916913,
      0.03267386070986976,
      0.17423845070332275,
      0.13338048017619386,
      0.025318701633509088,
      0.15865791759991946,
      0.1279369732253898,
      0.03164018218846548,
      0.15591029620186614,
      0.13242677042373077,
      0.03576618140255688,
      0.15728098084927972,
      0.14364576331233503,
      0.03867754352272356,
      0.19506858093877455,
      0.13640249617626202,
      0.024296666755832242,
      0.17978888439972637,
      0.129014758037798,
      0.030351226530919522,
      0.17996636164309282,
      0.1381421374190753,
      0.031820139126896664,
      0.18241552841164846,
      0.1555301299928984,
      0.03364423532277493,
      0.21737017086212296,
      0.14036477232798167,
      0.024853579755846247,
      0.20763016155082314,
      0.13841319159435012,
      0.029290412961388748,
      0.20795642013821874,
      0.1434375334313936,
      0.03019368659397148,
      0.21016474007340036,
      0.15405161215315322,
      0.032609034190584266,
      0.24005637989674514,
      0.14540748416860286,
      0.027513572014197636,
      0.23076799528845918,
      0.14470391044586048,
      0.029354585080846107,
      0.22964266547454443,
      0.14833231102828767,
      0.02982262360972068,
      0.2315817298115395,
      0.15572244228038717,
      0.03184805996541977
    ]
  },
  "dynamic_classes": [
    "J",
    "Z",
    "HELLO",
    "THANKYOU",
    "SORRY",
    "YES",
    "NO"
  ]
}